{
    "Mean_Squared_Error": 59738273.78781922,
    "R2_Score": 0.9844753004407765
}